Fecha,volume
2021-01-04,6929
2021-01-05,7398
2021-01-06,3466
2021-01-07,9676
2021-01-08,9781
2021-01-09,3445
2021-01-10,2334
2021-01-11,9847
2021-01-12,10538
2021-01-13,10520
2021-01-14,10686
2021-01-15,10324
2021-01-16,5550
2021-01-17,3445
2021-01-18,10300
2021-01-19,10789
2021-01-20,10528
2021-01-21,10692
2021-01-22,10264
2021-01-23,4553
2021-01-24,2880
2021-01-25,9078
2021-01-26,9420
2021-01-27,9530
2021-01-28,9503
2021-01-29,9285
2021-01-30,2982
2021-01-31,1707
2021-02-01,9357
2021-02-02,9332
2021-02-03,9411
2021-02-04,9500
2021-02-05,9173
2021-02-06,2865
2021-02-07,1727
2021-02-08,9243
2021-02-09,9538
2021-02-10,9629
2021-02-11,9631
2021-02-12,9127
2021-02-13,3211
2021-02-14,2128
2021-02-15,9542
2021-02-16,9804
2021-02-17,9955
2021-02-18,10176
2021-02-19,9988
2021-02-20,4344
2021-02-21,2843
2021-02-22,9863
2021-02-23,10367
2021-02-24,10202
2021-02-25,10354
2021-02-26,10131
2021-02-27,4533
2021-02-28,2983
2021-03-01,10114
2021-03-02,10400
2021-03-03,10680
2021-03-04,10657
2021-03-05,10198
2021-03-06,4455
2021-03-07,2978
2021-03-08,10082
2021-03-09,11149
2021-03-10,11206
2021-03-11,11160
2021-03-12,11133
2021-03-13,6637
2021-03-14,4062
2021-03-15,10704
2021-03-16,10679
2021-03-17,11116
2021-03-18,11182
2021-03-19,3960
2021-03-20,5459
2021-03-21,4017
2021-03-22,10648
2021-03-23,11028
2021-03-24,10972
2021-03-25,11244
2021-03-26,11042
2021-03-27,6106
2021-03-28,5473
2021-03-29,10132
2021-03-30,10586
2021-03-31,10880
2021-04-01,4682
2021-04-02,4463
2021-04-03,5547
2021-04-04,4288
2021-04-05,5007
2021-04-06,9534
2021-04-07,8688
2021-04-08,9030
2021-04-09,8754
2021-04-10,4149
2021-04-11,2918
2021-04-12,10076
2021-04-13,9843
2021-04-14,10190
2021-04-15,10110
2021-04-16,9820
2021-04-17,4008
2021-04-18,2568
2021-04-19,9890
2021-04-20,10196
2021-04-21,10113
2021-04-22,9909
2021-04-23,10109
2021-04-24,4157
2021-04-25,2611
2021-04-26,9926
2021-04-27,10210
2021-04-28,10010
2021-04-29,9825
2021-04-30,10216
2021-05-01,3881
2021-05-02,2852
2021-05-03,7964
2021-05-04,10056
2021-05-05,10258
2021-05-06,10168
2021-05-07,10082
2021-05-08,4370
2021-05-09,4108
2021-05-10,11011
2021-05-11,11092
2021-05-12,10879
2021-05-13,10891
2021-05-14,11074
2021-05-15,5529
2021-05-16,4032
2021-05-17,10514
2021-05-18,10812
2021-05-19,10967
2021-05-20,11326
2021-05-21,10708
2021-05-22,5336
2021-05-23,4704
2021-05-24,10569
2021-05-25,10630
2021-05-26,11210
2021-05-27,11250
2021-05-28,10908
2021-05-29,6255
2021-05-30,5030
2021-05-31,10952
2021-06-01,11191
2021-06-02,11199
2021-06-03,11041
2021-06-04,10967
2021-06-05,5662
2021-06-06,4666
2021-06-07,10914
2021-06-08,11103
2021-06-09,11504
2021-06-10,11375
2021-06-11,11148
2021-06-12,5734
2021-06-13,5063
2021-06-14,11177
2021-06-15,11207
2021-06-16,11443
2021-06-17,11343
2021-06-18,11169
2021-06-19,5593
2021-06-20,5142
2021-06-21,10673
2021-06-22,10949
2021-06-23,11464
2021-06-24,10563
2021-06-25,10726
2021-06-26,5551
2021-06-27,4463
2021-06-28,10906
2021-06-29,11032
2021-06-30,11274
2021-07-01,10966
2021-07-02,9714
2021-07-03,5455
2021-07-04,4608
2021-07-05,10374
2021-07-06,10662
2021-07-07,10726
2021-07-08,10882
2021-07-09,10762
2021-07-10,5598
2021-07-11,4981
2021-07-12,10383
2021-07-13,10516
2021-07-14,10875
2021-07-15,10658
2021-07-16,10486
2021-07-17,5520
2021-07-18,4926
2021-07-19,10487
2021-07-20,10669
2021-07-21,10892
2021-07-22,10683
2021-07-23,10424
2021-07-24,5480
2021-07-25,4405
2021-07-26,9921
2021-07-27,10125
2021-07-28,10206
2021-07-29,10319
2021-07-30,9910
2021-07-31,4155
2021-08-01,4191
2021-08-02,7876
2021-08-03,7762
2021-08-04,7516
2021-08-05,7556
2021-08-06,7008
2021-08-07,4120
2021-08-08,5267
2021-08-09,5439
2021-08-10,5507
2021-08-11,5435
2021-08-12,5216
2021-08-13,5423
2021-08-14,3730
2021-08-15,3018
2021-08-16,4844
2021-08-17,5011
2021-08-18,5125
2021-08-19,5003
2021-08-20,5287
2021-08-21,3597
2021-08-22,3299
2021-08-23,6337
2021-08-24,6525
2021-08-25,6842
2021-08-26,7277
2021-08-27,7214
2021-08-28,4641
2021-08-29,4401
2021-08-30,8947
2021-08-31,9365
2021-09-01,10167
2021-09-02,10226
2021-09-03,10361
2021-09-04,5562
2021-09-05,4995
2021-09-06,10475
2021-09-07,10964
2021-09-08,11092
2021-09-09,10895
2021-09-10,10655
2021-09-11,5888
2021-09-12,4964
2021-09-13,10553
2021-09-14,11002
2021-09-15,11192
2021-09-16,10969
2021-09-17,10922
2021-09-18,5496
2021-09-19,4724
2021-09-20,9747
2021-09-21,10968
2021-09-22,11361
2021-09-23,11156
2021-09-24,10767
2021-09-25,5837
2021-09-26,4850
2021-09-27,10687
2021-09-28,10817
2021-09-29,10829
2021-09-30,11045
2021-10-01,11006
2021-10-02,5918
2021-10-03,4287
2021-10-04,10494
2021-10-05,10858
2021-10-06,11458
2021-10-07,11249
2021-10-08,11139
2021-10-09,5517
2021-10-10,4107
2021-10-11,6253
2021-10-12,4765
2021-10-13,11082
2021-10-14,11470
2021-10-15,11177
2021-10-16,6054
2021-10-17,4741
2021-10-18,10979
2021-10-19,10949
2021-10-20,11326
2021-10-21,11174
2021-10-22,10864
2021-10-23,5976
2021-10-24,4980
2021-10-25,11135
2021-10-26,11122
2021-10-27,11347
2021-10-28,11207
2021-10-29,11296
2021-10-30,5818
2021-10-31,4251
2021-11-01,5366
2021-11-02,11248
2021-11-03,11147
2021-11-04,11170
2021-11-05,11075
2021-11-06,6460
2021-11-07,4633
2021-11-08,10955
2021-11-09,11244
2021-11-10,11390
2021-11-11,11369
2021-11-12,11168
2021-11-13,6054
2021-11-14,4559
2021-11-15,10602
2021-11-16,10886
2021-11-17,10998
2021-11-18,11238
2021-11-19,11129
2021-11-20,6401
2021-11-21,4597
2021-11-22,10622
2021-11-23,10850
2021-11-24,11126
2021-11-25,10935
2021-11-26,10772
2021-11-27,5409
2021-11-28,3727
2021-11-29,10279
2021-11-30,10945
2021-12-01,11319
2021-12-02,11452
2021-12-03,11039
2021-12-04,5633
2021-12-05,3764
2021-12-06,4932
2021-12-07,7529
2021-12-08,4596
2021-12-09,10752
2021-12-10,10550
2021-12-11,5736
2021-12-12,4589
2021-12-13,10322
2021-12-14,11883
2021-12-15,11522
2021-12-16,11814
2021-12-17,11639
2021-12-18,6630
2021-12-19,5014
2021-12-20,11378
2021-12-21,11575
2021-12-22,11603
2021-12-23,10880
2021-12-24,6340
2021-12-25,4062
2021-12-26,3674
2021-12-27,7425
2021-12-28,7417
2021-12-29,7452
2021-12-30,7624
2021-12-31,5716
2022-01-01,3445
2022-01-02,4080
2022-01-03,9520
2022-01-04,9899
2022-01-05,9364
2022-01-06,3921
2022-01-07,6950
2022-01-08,5145
2022-01-09,3344
2022-01-10,10635
2022-01-11,10498
2022-01-12,11046
2022-01-13,10919
2022-01-14,11015
2022-01-15,5661
2022-01-16,4133
2022-01-17,10984
2022-01-18,10966
2022-01-19,10868
2022-01-20,10516
2022-01-21,10604
2022-01-22,5354
2022-01-23,4112
2022-01-24,10661
2022-01-25,10928
2022-01-26,10993
2022-01-27,10974
2022-01-28,10833
2022-01-29,6015
2022-01-30,4511
2022-01-31,10694
2022-02-01,10949
2022-02-02,11157
2022-02-03,11200
2022-02-07,10691
2022-02-08,11213
2022-02-09,11492
2022-02-10,11496
2022-02-11,11225
2022-02-12,6281
2022-02-13,4802
2022-02-14,11137
2022-02-15,11306
2022-02-16,11516
2022-02-17,11522
2022-02-18,11157
2022-02-19,5764
2022-02-20,4216
2022-02-21,11218
2022-02-22,11479
2022-02-23,11713
2022-02-24,11461
2022-02-25,11029
2022-02-26,5567
2022-02-27,4292
2022-02-28,10877
2022-03-01,11181
2022-03-02,11435
2022-03-03,11423
2022-03-04,11217
2022-03-05,5920
2022-03-06,6119
2022-03-07,10993
2022-03-08,10902
2022-03-09,11454
2022-03-10,11285
2022-03-11,11118
2022-03-12,5945
2022-03-13,4385
2022-03-14,10704
2022-03-15,11173
2022-03-16,11227
2022-03-17,10941
2022-03-18,10872
2022-03-19,6049
2022-03-20,4673
2022-03-21,10708
2022-03-22,11198
2022-03-23,11064
2022-03-24,10956
2022-03-25,10843
2022-03-26,6063
2022-03-27,5072
2022-03-28,11223
2022-03-29,11023
2022-03-30,11217
2022-03-31,11232
2022-04-01,10289
2022-04-02,4573
2022-04-03,4098
2022-04-04,10971
2022-04-05,11010
2022-04-06,11223
2022-04-07,11276
2022-04-08,11033
2022-04-09,5808
2022-04-10,5034
2022-04-11,10225
2022-04-12,10750
2022-04-13,10672
2022-04-14,3994
2022-04-15,3912
2022-04-16,4416
2022-04-17,3762
2022-04-18,4140
2022-04-19,8600
2022-04-20,8809
2022-04-21,8881
2022-04-22,9280
2022-04-23,5081
2022-04-24,4228
2022-04-25,10837
2022-04-26,11336
2022-04-27,11129
2022-04-28,11252
2022-04-29,11375
2022-04-30,6291
2022-05-01,6387
2022-05-02,8903
2022-05-03,8534
2022-05-04,11014
2022-05-05,11020
2022-05-06,11029
2022-05-07,5972
2022-05-08,4999
2022-05-09,10933
2022-05-10,11117
2022-05-11,11149
2022-05-12,11308
2022-05-13,11179
2022-05-14,6106
2022-05-15,5242
2022-05-16,10734
2022-05-17,11120
2022-05-18,11273
2022-05-19,11171
2022-05-20,11052
2022-05-21,5780
2022-05-22,4836
2022-05-23,10929
2022-05-24,10829
2022-05-25,11061
2022-05-26,11297
2022-05-27,10955
2022-05-28,6022
2022-05-29,4961
2022-05-30,10441
2022-05-31,10819
2022-06-01,11265
2022-06-02,11170
2022-06-03,10939
2022-06-04,5738
2022-06-05,4708
2022-06-06,10914
2022-06-07,11216
2022-06-08,11289
2022-06-09,11436
2022-06-10,10925
2022-06-11,5465
2022-06-12,4481
2022-06-13,10763
2022-06-14,11067
2022-06-15,10754
2022-06-16,10859
2022-06-17,10617
2022-06-18,5504
2022-06-19,4543
2022-06-20,10710
2022-06-21,10697
2022-06-22,10764
2022-06-23,10611
2022-06-24,9506
2022-06-25,5164
2022-06-26,4078
2022-06-27,10466
2022-06-28,10600
2022-06-29,10818
2022-06-30,10786
2022-07-01,10388
2022-07-02,5183
2022-07-03,4366
2022-07-04,9770
2022-07-05,10307
2022-07-06,10267
2022-07-07,10424
2022-07-08,10231
2022-07-09,5459
2022-07-10,4754
2022-07-11,10016
2022-07-12,10414
2022-07-13,10477
2022-07-14,10402
2022-07-15,10316
2022-07-16,5316
2022-07-17,4559
2022-07-18,9985
2022-07-19,10460
2022-07-20,10504
2022-07-21,10362
2022-07-22,10316
2022-07-23,5316
2022-07-24,3908
2022-07-25,4624
2022-07-26,10269
2022-07-27,10352
2022-07-28,10419
2022-07-29,10131
2022-07-30,5049
2022-07-31,4345
2022-08-01,8006
2022-08-02,8169
2022-08-03,7628
2022-08-04,7615
2022-08-05,7136
2022-08-06,4057
2022-08-07,3417
2022-08-08,5281
2022-08-09,5388
2022-08-10,5338
2022-08-11,5219
2022-08-12,5268
2022-08-13,3443
2022-08-14,2845
2022-08-15,3176
2022-08-16,4878
2022-08-17,4836
2022-08-18,4710
2022-08-19,4874
2022-08-20,3546
2022-08-21,3162
2022-08-22,5758
2022-08-23,5931
2022-08-24,6022
2022-08-25,6124
2022-08-26,6382
2022-08-27,4404
2022-08-28,4232
2022-08-29,8342
2022-08-30,8528
2022-08-31,8954
2022-09-01,9863
2022-09-02,9825
2022-09-03,5382
2022-09-04,4696
2022-09-05,8636
2022-09-06,5645
2022-09-07,10610
2022-09-08,10102
2022-09-09,5409
2022-09-10,5203
2022-09-11,4540
2022-09-12,10364
2022-09-13,10677
2022-09-14,10694
2022-09-15,10944
2022-09-16,10414
2022-09-17,5650
2022-09-18,4518
2022-09-19,9719
2022-09-20,10692
2022-09-21,10476
2022-09-22,10564
2022-09-23,10337
2022-09-24,5728
2022-09-25,4429
2022-09-26,10241
2022-09-27,10693
2022-09-28,10851
2022-09-29,10553
2022-09-30,10400
2022-10-01,5669
2022-10-02,4484
2022-10-03,10290
2022-10-04,10545
2022-10-05,10891
2022-10-06,10595
2022-10-07,10345
2022-10-08,5757
2022-10-09,4792
2022-10-10,10431
2022-10-11,10958
2022-10-12,4716
2022-10-13,10990
2022-10-14,10765
2022-10-15,5766
2022-10-16,4500
2022-10-17,10515
2022-10-18,10918
2022-10-19,10843
2022-10-20,10759
2022-10-21,10728
2022-10-22,6132
2022-10-23,4849
2022-10-24,10640
2022-10-25,10661
2022-10-26,10782
2022-10-27,11008
2022-10-28,11022
2022-10-29,5522
2022-10-30,4225
2022-10-31,6268
2022-11-01,5391
2022-11-02,10719
2022-11-03,10886
2022-11-04,10769
2022-11-05,5888
2022-11-06,4837
2022-11-07,10342
2022-11-08,10683
2022-11-09,10693
2022-11-10,10981
2022-11-11,11005
2022-11-12,6045
2022-11-13,4893
2022-11-14,10310
2022-11-15,10635
2022-11-16,10778
2022-11-17,10732
2022-11-18,10536
2022-11-19,5938
2022-11-20,4597
2022-11-21,10042
2022-11-22,10639
2022-11-23,10771
2022-11-24,10749
2022-11-25,10726
2022-11-26,6435
2022-11-27,4803
2022-11-28,10533
2022-11-29,10894
2022-11-30,10666
2022-12-01,11000
2022-12-02,11139
2022-12-03,5583
2022-12-04,4464
2022-12-05,10109
2022-12-06,6401
2022-12-07,10506
2022-12-08,4580
2022-12-09,8091
2022-12-10,5368
2022-12-11,4409
2022-12-12,10657
2022-12-13,9098
2022-12-14,11065
2022-12-15,11310
2022-12-16,10941
2022-12-17,6449
2022-12-18,4729
2022-12-19,10994
2022-12-20,11252
2022-12-21,11237
2022-12-22,11026
2022-12-23,10849
2022-12-24,5134
2022-12-25,4661
2022-12-26,7288
2022-12-27,7362
2022-12-28,7609
2022-12-29,7229
2022-12-30,7328
2022-12-31,5150
2023-01-01,4286
2023-01-02,8549
2023-01-03,9353
2023-01-04,9791
2023-01-05,9082
2023-01-06,4475
2023-01-07,5256
2023-01-08,3740
2023-01-09,10616
2023-01-10,10712
2023-01-11,10463
2023-01-12,10704
2023-01-13,10774
2023-01-14,6053
2023-01-15,3995
2023-01-16,10222
2023-01-17,10890
2023-01-18,7874
2023-01-19,9507
2023-01-20,10022
2023-01-21,5398
2023-01-22,4363
2023-01-23,10299
2023-01-24,10401
2023-01-25,10699
2023-01-26,11053
2023-01-27,10397
2023-01-28,5209
2023-01-29,4156
2023-01-30,10358
2023-01-31,10740
2023-02-01,10602
2023-02-02,10959
2023-02-03,10846
2023-02-04,5890
2023-02-05,4225
2023-02-06,10606
2023-02-07,10575
2023-02-08,10772
2023-02-09,10972
2023-02-10,10821
2023-02-11,5946
2023-02-12,5034
2023-02-13,10695
2023-02-14,10653
2023-02-15,10801
2023-02-16,11040
2023-02-17,10449
2023-02-18,5307
2023-02-19,4110
2023-02-20,10132
2023-02-21,10473
2023-02-22,10352
2023-02-23,10542
2023-02-24,10646
2023-02-25,5972
2023-02-26,4696
2023-02-27,9309
2023-02-28,9856
2023-03-01,10542
2023-03-02,10590
2023-03-03,10595
2023-03-04,6020
2023-03-05,7437
2023-03-06,10555
2023-03-07,10905
2023-03-08,10768
2023-03-09,11112
2023-03-10,10830
2023-03-11,5617
2023-03-12,4730
2023-03-13,10695
2023-03-14,10977
2023-03-15,10933
2023-03-16,10983
2023-03-17,10905
2023-03-18,5942
2023-03-19,4648
2023-03-20,10592
2023-03-21,10910
2023-03-22,10712
2023-03-23,10988
2023-03-24,11026
2023-03-25,6146
2023-03-26,4496
2023-03-27,10702
2023-03-28,11116
2023-03-29,10945
2023-03-30,11174
2023-03-31,10863
2023-04-01,5982
2023-04-02,4218
2023-04-03,10309
2023-04-04,10505
2023-04-05,10440
2023-04-06,4358
2023-04-07,4076
2023-04-08,4195
2023-04-09,3763
2023-04-10,4277
2023-04-11,8480
2023-04-12,8683
2023-04-13,8827
2023-04-14,8784
2023-04-15,4830
2023-04-16,4503
2023-04-17,10627
2023-04-18,11026
2023-04-19,11197
2023-04-20,11083
2023-04-21,11120
2023-04-22,6064
2023-04-23,4662
2023-04-24,10873
2023-04-25,11349
2023-04-26,11075
2023-04-27,11396
2023-04-28,11159
2023-04-29,5953
2023-04-30,5058
2023-05-01,6024
2023-05-02,9207
2023-05-03,8699
2023-05-04,10984
2023-05-05,10803
2023-05-06,6008
2023-05-07,4788
2023-05-08,10863
2023-05-09,10978
2023-05-10,11206
2023-05-11,10897
2023-05-12,10608
2023-05-13,6056
2023-05-14,4309
2023-05-15,10758
2023-05-16,11027
2023-05-17,11048
2023-05-18,11097
2023-05-19,10901
2023-05-20,5716
2023-05-21,5006
2023-05-22,10204
2023-05-23,10734
2023-05-24,10809
2023-05-25,10980
2023-05-26,11176
2023-05-27,6495
2023-05-28,4983
2023-05-29,10763
2023-05-30,10816
2023-05-31,11013
2023-06-01,10828
2023-06-02,10754
2023-06-03,6130
2023-06-04,5051
2023-06-05,10732
2023-06-06,10997
2023-06-07,11408
2023-06-08,11007
2023-06-09,10802
2023-06-10,5754
2023-06-11,4641
2023-06-12,10943
2023-06-13,10785
2023-06-14,11003
2023-06-15,11308
2023-06-16,10836
2023-06-17,5861
2023-06-18,4595
2023-06-19,10497
2023-06-20,10776
2023-06-21,10780
2023-06-22,10886
2023-06-23,10563
2023-06-24,5402
2023-06-25,4745
2023-06-26,10302
2023-06-27,10566
2023-06-28,10697
2023-06-29,10498
2023-06-30,10236
2023-07-01,5027
2023-07-02,4646
2023-07-03,8917
2023-07-04,10248
2023-07-05,10473
2023-07-06,10628
2023-07-07,10472
2023-07-08,5276
2023-07-09,4589
2023-07-10,10171
2023-07-11,10322
2023-07-12,10539
2023-07-13,10443
2023-07-14,10024
2023-07-15,5410
2023-07-16,4704
2023-07-17,10080
2023-07-18,10292
2023-07-19,10256
2023-07-20,10270
2023-07-21,10185
2023-07-22,5333
2023-07-23,4525
2023-07-24,6723
2023-07-25,4594
2023-07-26,10037
2023-07-27,9873
2023-07-28,9905
2023-07-29,5024
2023-07-30,3662
2023-07-31,4704
2023-08-01,7925
2023-08-02,7608
2023-08-03,7408
2023-08-04,7299
2023-08-05,4125
2023-08-06,3241
2023-08-07,5681
2023-08-08,5507
2023-08-09,5064
2023-08-10,5385
2023-08-11,5521
2023-08-12,3582
2023-08-13,2932
2023-08-14,4247
2023-08-15,3144
2023-08-16,4832
2023-08-17,4855
2023-08-18,4716
2023-08-19,3632
2023-08-20,3149
2023-08-21,5364
2023-08-22,5606
2023-08-23,5521
2023-08-24,5787
2023-08-25,6065
2023-08-26,4131
2023-08-27,3572
2023-08-28,7817
2023-08-29,8544
2023-08-30,8839
2023-08-31,9022
2023-09-01,9317
2023-09-02,4748
2023-09-03,4758
2023-09-04,10186
2023-09-05,10422
2023-09-06,10237
2023-09-07,10423
2023-09-08,10000
2023-09-09,5809
2023-09-10,4381
2023-09-11,10090
2023-09-12,10485
2023-09-13,10343
2023-09-14,10758
2023-09-15,10550
2023-09-16,5642
2023-09-17,4419
2023-09-18,9512
2023-09-19,10795
2023-09-20,10792
2023-09-21,10685
2023-09-22,10557
2023-09-23,5767
2023-09-24,4952
2023-09-25,10333
2023-09-26,10607
2023-09-27,10532
2023-09-28,10692
2023-09-29,10706
2023-09-30,6035
2023-10-01,5234
2023-10-02,10533
2023-10-03,10768
2023-10-04,10908
2023-10-05,11032
2023-10-06,11095
2023-10-07,6039
2023-10-08,4811
2023-10-09,10750
2023-10-10,10937
2023-10-11,11201
2023-10-12,5038
2023-10-13,6695
2023-10-14,5028
2023-10-15,4629
2023-10-16,10490
2023-10-17,10723
2023-10-18,10774
2023-10-19,10628
2023-10-20,10712
2023-10-21,6286
2023-10-22,5036
2023-10-23,10506
2023-10-24,10885
2023-10-25,10583
2023-10-26,10932
2023-10-27,10813
2023-10-28,6137
2023-10-29,4663
2023-10-30,10770
2023-10-31,11316
2023-11-01,4942
2023-11-02,10899
2023-11-03,10610
2023-11-04,5675
2023-11-05,4792
2023-11-06,10653
2023-11-07,10907
2023-11-08,11037
2023-11-09,11039
2023-11-10,10737
2023-11-11,5977
2023-11-12,4678
2023-11-13,10340
2023-11-14,10839
2023-11-15,10967
2023-11-16,10842
2023-11-17,10845
2023-11-18,6430
2023-11-19,5133
2023-11-20,10376
2023-11-21,10488
2023-11-22,10465
2023-11-23,10820
2023-11-24,10561
2023-11-25,6172
2023-11-26,5101
2023-11-27,10423
2023-11-28,10886
2023-11-29,11210
2023-11-30,9200
2023-12-01,11125
2023-12-02,6080
2023-12-03,5120
2023-12-04,10762
2023-12-05,11440
2023-12-06,6263
2023-12-07,8004
2023-12-08,4463
2023-12-09,5369
2023-12-10,4732
2023-12-11,10838
2023-12-12,10905
2023-12-13,8839
2023-12-14,10969
2023-12-15,10946
2023-12-16,6599
2023-12-17,4900
2023-12-18,10943
2023-12-19,10863
2023-12-20,11208
2023-12-21,10998
2023-12-22,10257
2023-12-23,6388
2023-12-24,4275
2023-12-25,4760
2023-12-26,7268
2023-12-27,7515
2023-12-28,7319
2023-12-29,7271
2023-12-30,5652
2023-12-31,4107
2024-01-01,4292
2024-01-02,8316
2024-01-03,9087
2024-01-04,9543
2024-01-05,8446
2024-01-06,4141
2024-01-07,3715
2024-01-08,10385
2024-01-09,10313
2024-01-10,10149
2024-01-11,10295
2024-01-12,10351
2024-01-13,5725
2024-01-14,4508
2024-01-15,10387
2024-01-16,10503
2024-01-17,10687
2024-01-18,10698
2024-01-19,10451
2024-01-20,5693
2024-01-21,4363
2024-01-22,10703
2024-01-23,10792
2024-01-24,10941
2024-01-25,10934
2024-01-26,10805
2024-01-27,6025
2024-01-28,5006
2024-01-29,10464
2024-01-30,10631
2024-01-31,10893
2024-02-01,10670
2024-02-02,10736
2024-02-03,5868
2024-02-04,4689
2024-02-05,10583
2024-02-06,11136
2024-02-07,10893
2024-02-08,11031
2024-02-09,10371
2024-02-10,5102
2024-02-11,4036
2024-02-12,9766
2024-02-13,10310
2024-02-14,10610
2024-02-15,10757
2024-02-16,10644
2024-02-17,5914
2024-02-18,4761
2024-02-19,10580
2024-02-20,10867
2024-02-21,10889
2024-02-22,10718
2024-02-23,10578
2024-02-24,5740
2024-02-25,4364
2024-02-26,10594
2024-02-27,10526
2024-02-28,10773
2024-02-29,10861
2024-03-01,11132
2024-03-02,7424
2024-03-03,4338
2024-03-04,10671
2024-03-05,10678
2024-03-06,10936
2024-03-07,11041
2024-03-08,10847
2024-03-09,5794
2024-03-10,4657
2024-03-11,10675
2024-03-12,10607
2024-03-18,10797
2024-03-19,11254
2024-03-20,11149
2024-03-21,11243
2024-03-22,11167
2024-03-23,6133
2024-03-24,4786
2024-03-25,9759
2024-03-26,10099
2024-03-27,9829
2024-03-28,4207
2024-03-29,3485
2024-03-30,4478
2024-03-31,3320
2024-04-01,4098
2024-04-02,8763
2024-04-03,9326
2024-04-04,9246
2024-04-05,9182
2024-04-06,5358
2024-04-07,4417
2024-04-08,10848
2024-04-09,10967
2024-04-10,11202
2024-04-11,11005
2024-04-12,11149
2024-04-13,6673
2024-04-14,5704
2024-04-15,10953
2024-04-16,10941
2024-04-17,10970
2024-04-18,11035
2024-04-19,11078
2024-04-20,6257
2024-04-21,5568
2024-04-22,10959
2024-04-23,10842
2024-04-24,10988
2024-04-25,10988
2024-04-26,10882
2024-04-27,5859
2024-04-28,4697
2024-05-08,7231
2024-05-09,11358
2024-05-10,11158
2024-05-11,6047
2024-05-12,4710
2024-05-13,10687
2024-05-14,10953
2024-05-15,10959
2024-05-16,11159
2024-05-17,10879
2024-05-18,5854
2024-05-19,4707
2024-05-20,10557
2024-05-21,10746
2024-05-22,10995
2024-05-23,11120
2024-05-24,10995
2024-05-25,5885
2024-05-26,4861
2024-05-27,10789
2024-05-28,11036
2024-05-29,11322
2024-05-30,10846
2024-05-31,10592
2024-06-01,5685
2024-06-02,4659
2024-06-03,10649
2024-06-04,10968
2024-06-05,11046
2024-06-06,11396
2024-06-07,10923
2024-06-08,5759
2024-06-09,4503
2024-06-10,10637
2024-06-11,11003
2024-06-12,10910
2024-06-13,11147
2024-06-14,10672
2024-06-15,6058
2024-06-16,5128
2024-06-17,10695
2024-06-18,11032
2024-06-19,11073
2024-06-20,10956
2024-06-21,10559
2024-06-22,5205
2024-06-23,4227
2024-06-24,9815
2024-06-25,10969
2024-06-26,10822
2024-06-27,10839
2024-06-28,10370
2024-06-29,5113
2024-06-30,4424
2024-07-01,9665
2024-07-02,9161
2024-07-03,10684
2024-07-04,10630
2024-07-05,10383
2024-07-06,5165
2024-07-07,4531
2024-07-08,10017
2024-07-09,10365
2024-07-10,10725
2024-07-11,10657
2024-07-12,10368
2024-07-13,5239
2024-07-14,4896
2024-07-15,10443
2024-07-16,10541
2024-07-17,10942
2024-07-18,10856
2024-07-19,10439
2024-07-20,5453
2024-07-21,4633
2024-07-22,10315
2024-07-23,10608
2024-07-24,10643
2024-07-25,4755
2024-07-26,6988
2024-07-27,4702
2024-07-28,4478
2024-07-29,9337
2024-07-30,9541
2024-07-31,4991
2024-08-01,8304
2024-08-02,7811
2024-08-03,4572
2024-08-04,3968
2024-08-05,6418
2024-08-06,6307
2024-08-07,6219
2024-08-08,5983
2024-08-09,6004
2024-08-10,3709
2024-08-11,2529
2024-08-12,5016
2024-08-13,4863
2024-08-14,5091
2024-08-15,3237
2024-08-16,4586
2024-08-17,3463
2024-08-18,2960
2024-08-19,5230
2024-08-20,5232
2024-08-21,5143
2024-08-22,5382
2024-08-23,5317
2024-08-24,4044
2024-08-25,3374
2024-08-26,7114
2024-08-27,7279
2024-08-28,7508
2024-08-29,7655
2024-08-30,7811
2024-08-31,4792
2024-09-01,4572
2024-09-02,10096
2024-09-03,10106
2024-09-04,10342
2024-09-05,10437
2024-09-06,10384
2024-09-07,5897
2024-09-08,4500
2024-09-09,10755
2024-09-10,10779
2024-09-11,10701
2024-09-12,10818
2024-09-13,10674
2024-09-14,5886
2024-09-15,4832
2024-09-16,10574
2024-09-17,10672
2024-09-18,10732
2024-09-19,11014
2024-09-20,10646
2024-09-21,5509
2024-09-22,4583
2024-09-23,9428
2024-09-24,10507
2024-09-25,10779
2024-09-26,10785
2024-09-27,11217
2024-09-28,5871
2024-09-29,4878
2024-09-30,10568
2024-10-01,10845
2024-10-02,10662
2024-10-03,10922
2024-10-04,10661
2024-10-05,5855
2024-10-06,4630
2024-10-07,10476
2024-10-08,10933
2024-10-09,10512
2024-10-10,11009
2024-10-11,10710
2024-10-12,5178
2024-10-13,5357
2024-10-14,10826
2024-10-15,11036
2024-10-16,10881
2024-10-17,10752
2024-10-18,10770
2024-10-19,5815
2024-10-20,5240
2024-10-21,10836
2024-10-22,10988
2024-10-23,11133
2024-10-24,11120
2024-10-25,10744
2024-10-26,5825
2024-10-27,4543
2024-10-28,10641
2024-10-29,10982
2024-10-30,11150
2024-10-31,11042
2024-11-01,5131
2024-11-02,5556
2024-11-03,5027
2024-11-04,10809
2024-11-05,10720
2024-11-06,11126
2024-11-07,10832
2024-11-08,10830
2024-11-09,6009
2024-11-10,4754
2024-11-11,10813
2024-11-12,10831
2024-11-13,10934
2024-11-14,10914
2024-11-15,11004
2024-11-16,6099
2024-11-17,5257
2024-11-25,10482
2024-11-26,10924
2024-11-27,11057
2024-11-28,11250
2024-11-29,10663
2024-11-30,6447
2024-12-01,5229
2024-12-02,10759
2024-12-03,10843
2024-12-04,11298
2024-12-05,11776
2024-12-06,5215
2024-12-07,5317
2024-12-08,4504
2024-12-09,10711
2024-12-10,10975
2024-12-11,11168
2024-12-12,11694
2024-12-13,8997
2024-12-14,6285
2024-12-15,5516
2024-12-18,11309
2024-12-19,11272
2024-12-20,10720
2024-12-21,6348
2024-12-22,4555
2024-12-23,8744
2024-12-24,5581
2024-12-25,4754
2024-12-26,7542
2024-12-27,7511
2024-12-28,5173
2024-12-29,4069
2024-12-30,7513
2024-12-31,5611
2025-01-01,4285
2025-01-02,8081
2025-01-03,8063
2025-01-04,5481
2025-01-05,4091
2025-01-06,4482
2025-01-07,10749
2025-01-08,10899
2025-01-09,10755
2025-01-10,10802
2025-01-11,5766
2025-01-12,4728
2025-01-13,10664
2025-01-14,10935
2025-01-15,10926
2025-01-16,11021
2025-01-17,11034
2025-01-18,5850
2025-01-19,4460
2025-01-20,10449
2025-01-21,10765
2025-01-22,10690
2025-01-23,10933
2025-01-24,10710
2025-01-25,5813
2025-01-26,4309
2025-01-27,10301
2025-01-28,10879
2025-01-29,10944
2025-01-30,10641
2025-01-31,10821
2025-02-01,5787
2025-02-02,4905
2025-02-03,10686
2025-02-04,10913
2025-02-05,11051
2025-02-06,11071
2025-02-07,10503
2025-02-08,5821
2025-02-09,4395
2025-02-10,10624
2025-02-11,11189
2025-02-12,10950
2025-02-13,10990
2025-02-14,11091
2025-02-15,6347
2025-02-16,5304
2025-02-17,10764
2025-02-18,11040
2025-02-19,11455
2025-02-20,11496
2025-02-21,11193
2025-02-22,8330
2025-02-23,4925
2025-02-24,10885
2025-02-25,11123
2025-02-26,11116
2025-02-27,11331
2025-02-28,10654
2025-03-01,5441
2025-03-02,4152
2025-03-03,10120
2025-03-04,10343
2025-03-05,11038
2025-03-06,11067
2025-03-07,11070
2025-03-08,6120
2025-03-09,5171
2025-03-10,10979
2025-03-11,11192
2025-03-12,11105
2025-03-13,10973
2025-03-14,11004
2025-03-15,5617
2025-03-16,4633
2025-03-17,11014
2025-03-18,11186
2025-03-19,11239
2025-03-20,11452
2025-03-21,11150
2025-03-22,6108
2025-03-23,4852
2025-03-24,10533
2025-03-25,11002
2025-03-26,11054
2025-03-27,11057
2025-03-28,11008
2025-03-29,6323
2025-03-30,5110
2025-03-31,11188
2025-04-01,11319
2025-04-02,11268
2025-04-03,11322
2025-04-04,11460
2025-04-05,6402
2025-04-06,5901
2025-04-07,11075
2025-04-08,11521
2025-04-10,5984
2025-04-11,11291
2025-04-12,6443
2025-04-13,4784
2025-04-14,10396
2025-04-15,10571
2025-04-16,10609
2025-04-17,4613
2025-04-18,3967
2025-04-19,4112
2025-04-20,3276
2025-04-21,4161
2025-04-22,8223
2025-04-23,8714
2025-04-24,9037
2025-04-25,8886
2025-04-26,5058
2025-04-27,4317
2025-04-28,11041
2025-04-29,11431
2025-04-30,11970
2025-05-01,6133
2025-05-02,7026
2025-05-03,6162
2025-05-04,5372
2025-05-05,11059
2025-05-06,11262
2025-05-07,11386
2025-05-08,11816
2025-05-09,11190
2025-05-10,6225
2025-05-11,4844
2025-05-12,11104
2025-05-13,11374
2025-05-14,11464
2025-05-15,11470
2025-05-16,11133
2025-05-17,6082
2025-05-18,5232
2025-05-19,10815
2025-05-20,11434
2025-05-21,11543
2025-05-22,11397
2025-05-23,11116
2025-05-24,6390
2025-05-25,5217
2025-05-26,11268
2025-05-27,11413
2025-05-28,11614
2025-05-29,11582
2025-05-30,11040
2025-05-31,6015
2025-06-01,4541
2025-06-02,10592
2025-06-03,11121
2025-06-04,11432
2025-06-05,11415
2025-06-06,11127
2025-06-07,5667
2025-06-08,4742
2025-06-09,10852
2025-06-10,11119
2025-06-11,11359
2025-06-12,11510
2025-06-13,11216
2025-06-14,6134
2025-06-15,4786
2025-06-16,11150
2025-06-17,11462
2025-06-18,11469
2025-06-19,11510
2025-06-20,11120
2025-06-21,5664
2025-06-22,4832
2025-06-23,10442
2025-06-24,10066
2025-06-25,10898
2025-06-26,11044
2025-06-27,10703
2025-06-28,5793
2025-06-29,5062
2025-06-30,10890
2025-07-01,10703
2025-07-02,9499
2025-07-03,10852
2025-07-04,10991
2025-07-05,5503
2025-07-06,4871
2025-07-07,10366
2025-07-08,10715
2025-07-09,10538
2025-07-10,10952
2025-07-11,10675
2025-07-12,5639
2025-07-13,4750
2025-07-14,10580
2025-07-15,10886
2025-07-16,11017
2025-07-17,10930
2025-07-18,10659
2025-07-19,5586
2025-07-20,4901
2025-07-21,10436
2025-07-22,10805
2025-07-23,10831
2025-07-24,10627
2025-07-25,4769
2025-07-26,4943
2025-07-27,4490
